{
    "now": "2024-12-22T22:34:59.525Z",
    "perfNow": 241850.20000004768,
    "diagnosticCorrelation": "3734ebcb-54e8-4d5f-a845-187425cb8d56",
    "source": "DownloadSupportFiles",
    "environment": {
        "productName": "adf",
        "buildVersion": "1.0.110124.1",
        "environmentType": 3,
        "resourceName": "AW-DataFact",
        "resourceRegion": "southafricanorth",
        "resourceGroup": "AdventWorkRG",
        "subscriptionId": "872996ac-606a-495e-b146-99cc0dbcd828",
        "sessionId": "A8gRCOU3nvc9Ge2/3SbkSV",
        "operationId": "",
        "gitType": "live",
        "loggingKey": "c7d955c0-f9df-4fec-b48d-1342aebe160b"
    },
    "additionalInfo": {
        "selectedResource": "AWpipeline",
        "selectedResourceType": "pipeline"
    }
}