{
    "now": "2024-12-22T22:31:05.343Z",
    "perfNow": 71774.40000009537,
    "diagnosticCorrelation": "32660193-ed4f-4265-84c0-b9637ee4a63e",
    "source": "DownloadSupportFiles",
    "environment": {
        "productName": "a365",
        "buildVersion": "24.1112.05",
        "environmentType": 9,
        "resourceName": "awsynapseanalytics",
        "resourceRegion": "southafricanorth",
        "resourceGroup": "AdventWorkRG",
        "subscriptionId": "872996ac-606a-495e-b146-99cc0dbcd828",
        "sessionId": "opRQdR98NzT7UFZ7/eOXjH",
        "operationId": "Mi58p",
        "gitType": "live",
        "loggingKey": "c5ddf57f-28bf-4199-8504-95d417c02356"
    },
    "additionalInfo": {
        "selectedResource": "DataWareHouseStoringPipeline",
        "selectedResourceType": "pipeline"
    }
}